-- phpMyAdmin SQL Dump
-- version 3.5.8.1
-- http://www.phpmyadmin.net
--
-- Host: 10.246.16.23:3306
-- Generation Time: Oct 04, 2013 at 09:16 PM
-- Server version: 5.1.66-0+squeeze1
-- PHP Version: 5.3.3-7+squeeze15

SET SQL_MODE="NO_AUTO_VALUE_ON_ZERO";
SET time_zone = "+00:00";


/*!40101 SET @OLD_CHARACTER_SET_CLIENT=@@CHARACTER_SET_CLIENT */;
/*!40101 SET @OLD_CHARACTER_SET_RESULTS=@@CHARACTER_SET_RESULTS */;
/*!40101 SET @OLD_COLLATION_CONNECTION=@@COLLATION_CONNECTION */;
/*!40101 SET NAMES utf8 */;

--
-- Database: `machina_dk`
--
CREATE DATABASE `machina_dk` DEFAULT CHARACTER SET latin1 COLLATE latin1_swedish_ci;
USE `machina_dk`;

-- --------------------------------------------------------

--
-- Table structure for table `alias`
--

CREATE TABLE IF NOT EXISTS `alias` (
  `id` int(11) NOT NULL AUTO_INCREMENT,
  `alias` varchar(33) NOT NULL DEFAULT '',
  `authorId` int(11) NOT NULL DEFAULT '0',
  PRIMARY KEY (`id`)
) ENGINE=MyISAM DEFAULT CHARSET=utf8 AUTO_INCREMENT=1 ;

-- --------------------------------------------------------

--
-- Table structure for table `authors`
--

CREATE TABLE IF NOT EXISTS `authors` (
  `authorId` int(11) NOT NULL AUTO_INCREMENT,
  `authorName` varchar(33) CHARACTER SET utf8 NOT NULL DEFAULT '',
  PRIMARY KEY (`authorId`),
  UNIQUE KEY `forfatter` (`authorName`)
) ENGINE=MyISAM  DEFAULT CHARSET=utf8 COLLATE=utf8_danish_ci COMMENT='Liste over forfattere' AUTO_INCREMENT=25 ;

--
-- Dumping data for table `authors`
--

INSERT INTO `authors` (`authorId`, `authorName`) VALUES
(1, 'Anders Ravnsborg Beierholm'),
(2, 'Martin Patrong Haspang'),
(3, 'Tina Ibsen'),
(4, 'Thomas Nørskov Nielsen'),
(5, 'Michael Flemming Artych'),
(6, 'Jeppe Søgaard Juul'),
(7, 'Mikkel Schou Nielsen'),
(8, 'Hedinn Bjørnsson'),
(9, 'Thøger Juul Thorsen'),
(10, 'FysikRevysterne'),
(11, 'Anders Bluhme'),
(12, 'Rasmus Mackeprang'),
(13, 'Louise Kindt'),
(14, 'Kaspar Hewitt Klenø'),
(15, 'Lasse Staal'),
(16, 'Kristian Bruun Wichmann'),
(17, 'Peter Müller'),
(18, 'Uffe Gram Christensen'),
(19, 'Uffe Friis Lichtenberg'),
(20, 'DIKUrevytterne'),
(21, 'André Tischer'),
(22, 'Mads Sejersen'),
(23, 'Allan Sandfeldt'),
(24, 'Jakob Jensen');

-- --------------------------------------------------------

--
-- Table structure for table `composers`
--

CREATE TABLE IF NOT EXISTS `composers` (
  `id` int(11) NOT NULL AUTO_INCREMENT,
  `komponist` varchar(33) NOT NULL DEFAULT '',
  PRIMARY KEY (`id`),
  UNIQUE KEY `komponist` (`komponist`)
) ENGINE=MyISAM  DEFAULT CHARSET=utf8 COMMENT='Tabel over komponister' AUTO_INCREMENT=123 ;

--
-- Dumping data for table `composers`
--

INSERT INTO `composers` (`id`, `komponist`) VALUES
(1, 'ABBA'),
(2, 'AHA'),
(3, 'Aerosmith'),
(4, 'Alanis Morisette'),
(5, 'Anders "Anden" Matthesen'),
(6, 'Andrew Lloyd Webber'),
(7, 'Anouk'),
(8, 'Avril Lavigne'),
(9, 'Backstreet Boys'),
(10, 'Basshunter'),
(11, 'Beautiful South'),
(12, 'Bee Gees'),
(13, 'Beethoven'),
(14, 'Bernhard Christensen'),
(15, 'Big Fat Snake'),
(16, 'Bikstok Røgsystem'),
(17, 'Billy Talent'),
(18, 'Birthe Kjær'),
(19, 'Blues Brothers'),
(20, 'Bob Hillard & Milton de Lugg'),
(21, 'Britney Spears'),
(22, 'Brixx'),
(23, 'Bruce Springsteen'),
(24, 'Brødrene Bisp'),
(25, 'Brødrene Olsen'),
(26, 'Chuck Berry'),
(27, 'Chumbawumba'),
(28, 'DAD'),
(29, 'Dahler Mehndi'),
(30, 'Danseorkestret'),
(31, 'David Lee Roth'),
(32, 'De Gyldne Løver'),
(33, 'Den Gale Pose'),
(34, 'Depeche Mode'),
(35, 'Dexy''s Midnight Runners'),
(36, 'Dire Straights'),
(37, 'Don MacLean'),
(38, 'Drengene fra Angora'),
(39, 'Dschenghis Khan'),
(40, 'Emerson, Lake & Palmer'),
(41, 'Europe'),
(42, 'Eva Madsen'),
(43, 'Frank Sinatra'),
(44, 'Gasolin'),
(45, 'Gnags'),
(46, 'Gorki Park'),
(47, 'Grease'),
(48, 'Hasse Andersson'),
(49, 'Höhner'),
(50, 'Infernal'),
(51, 'Ivan Pedersen'),
(52, 'John Mogensen'),
(53, 'Johnny Deluxe'),
(54, 'Jul på Slottet'),
(55, 'Junglebogen'),
(56, 'Kai Normann Andersen'),
(57, 'Kate Bush'),
(58, 'Leonard Cohen'),
(59, 'Lex & Klatten'),
(60, 'Little Shop of Horrors'),
(61, 'Lordi'),
(62, 'MC Einar'),
(63, 'Mabel'),
(64, 'Maroon 5'),
(65, 'Metallica'),
(66, 'Michael Jackson'),
(67, 'My Chemical Romance'),
(68, 'Nick Cave'),
(69, 'Nickelback'),
(70, 'Nik & Jay'),
(71, 'O-Zone'),
(72, 'Offspring'),
(73, 'Onkel Dum og Bananerne'),
(74, 'Palle, Polle og Ruth'),
(75, 'Patrick Isakson'),
(76, 'Paul Mcartney'),
(77, 'Peggy Lee'),
(78, 'Per Borgsten'),
(79, 'Peter Belli'),
(80, 'Pockets'),
(81, 'Poul Kjøller'),
(82, 'Queen'),
(83, 'Rammstein'),
(84, 'Red Warsawa'),
(85, 'Remee'),
(86, 'Ricky Martin'),
(87, 'Robbie Williams'),
(88, 'Robert Palmer'),
(89, 'Rocky Horror Picture Show'),
(90, 'Rogers & Lane'),
(91, 'Ronan Keating'),
(92, 'Sebastian'),
(93, 'Shubidua'),
(94, 'Simon & Garfunkel'),
(95, 'Spice Girls'),
(96, 'Status Quo'),
(97, 'Survivor'),
(98, 'Svedbanken'),
(99, 'Take That'),
(100, 'The Dubliners'),
(101, 'The Eagles'),
(102, 'Tina Turner'),
(103, 'Tom Jones'),
(104, 'Tom Lehrer'),
(105, 'Tom Lundén'),
(106, 'Tommy Seebach'),
(107, 'Tower of Power'),
(108, 'Troels Trier'),
(109, 'Twisted Sister'),
(110, 'Tæskeholdet'),
(111, 'Tørfisk'),
(112, 'Village People'),
(113, 'West Side Story'),
(114, 'Wikke og Rasmussen'),
(115, 'Willie Nelson'),
(116, 'Ørkenens Sønner'),
(117, 'Østkyst Hustlers');

-- --------------------------------------------------------

--
-- Table structure for table `revues`
--

CREATE TABLE IF NOT EXISTS `revues` (
  `revueId` int(11) NOT NULL AUTO_INCREMENT,
  `revueName` varchar(33) NOT NULL DEFAULT '',
  PRIMARY KEY (`revueId`)
) ENGINE=MyISAM  DEFAULT CHARSET=utf8 AUTO_INCREMENT=6 ;

--
-- Dumping data for table `revues`
--

INSERT INTO `revues` (`revueId`, `revueName`) VALUES
(1, 'DIKU revy'),
(2, 'FysikRevy&trade;'),
(3, 'Matematikrevyen'),
(4, 'MolBioKemrevyen'),
(5, 'SATYRRevy');

-- --------------------------------------------------------

--
-- Table structure for table `songAuthorLink`
--

CREATE TABLE IF NOT EXISTS `songAuthorLink` (
  `songId` int(11) NOT NULL DEFAULT '0',
  `authorId` int(11) NOT NULL DEFAULT '0',
  PRIMARY KEY (`songId`,`authorId`)
) ENGINE=MyISAM DEFAULT CHARSET=latin1;

--
-- Dumping data for table `songAuthorLink`
--

INSERT INTO `songAuthorLink` (`songId`, `authorId`) VALUES
(194, 1),
(195, 2),
(196, 3),
(197, 4),
(198, 5),
(199, 2),
(200, 6),
(201, 6),
(202, 2),
(203, 7),
(204, 7),
(205, 2),
(206, 2),
(207, 2),
(208, 2),
(210, 8),
(211, 2),
(215, 2),
(216, 8),
(230, 11),
(231, 11),
(232, 11),
(235, 4),
(236, 4),
(237, 4),
(238, 4),
(239, 4),
(248, 12);

-- --------------------------------------------------------

--
-- Table structure for table `songs`
--

CREATE TABLE IF NOT EXISTS `songs` (
  `songId` int(11) NOT NULL AUTO_INCREMENT,
  `title` varchar(33) NOT NULL DEFAULT '',
  `year` int(4) NOT NULL DEFAULT '0',
  `originalMelody` varchar(66) NOT NULL DEFAULT '',
  `composer` varchar(66) NOT NULL DEFAULT '',
  `revueId` int(11) NOT NULL DEFAULT '1',
  `number` int(11) NOT NULL DEFAULT '0',
  `youtube` varchar(66) NOT NULL DEFAULT '',
  `text` text NOT NULL,
  `TeX` text NOT NULL,
  `instructions` text NOT NULL,
  PRIMARY KEY (`songId`)
) ENGINE=MyISAM  DEFAULT CHARSET=utf8 AUTO_INCREMENT=349 ;

--
-- Dumping data for table `songs`
--

INSERT INTO `songs` (`songId`, `title`, `year`, `originalMelody`, `composer`, `revueId`, `number`, `youtube`, `text`, `TeX`, `instructions`) VALUES
(1, 'Jeg har en cool profil', 2007, 'I won''t be crying', 'Infernal', 1, 1, '_fguUEfIeIs', '', '', ''),
(2, 'Vi vil ikke ha'' den licens', 2007, 'I kan ikke slå os ihjel', 'Tom Lundén', 1, 2, 'cTzQK7VguFI', '', '', ''),
(3, 'Morder', 2007, 'Mutter', 'Rammstein', 1, 3, 'NpfMlk5MSKU', '', '', ''),
(4, 'Skriv ved DIKUs terminaler', 2007, 'Lay all your love on me', 'ABBA', 1, 4, 'KCy_ifvBbpg', '', '', ''),
(5, 'Den allersidste øl', 2007, 'Den allersidste dans', 'Kai Normann Andersen', 1, 5, 'vW0mwCtRF4M', '', '', ''),
(6, 'Jeg kender et sprog', 2007, 'Boten Anna', 'Basshunter', 1, 6, 'RYQUsp-jxDQ', '', '', ''),
(7, 'DIKUs Stolte Sale', 2007, 'Internationale', '', 1, 7, 'nTMQJi_wDi8', '', '', ''),
(8, 'Studiespøgelsets klagesang', 2007, 'Welcome to the black parade', 'My Chemical Romance', 1, 8, 'S5nw1-_5-Vk', '', '', ''),
(9, 'Kaptajn DIKU', 2007, 'Mighty Mouse', '', 1, 9, 'AHG9jp6s1OI', '', '', ''),
(10, 'Hader DIG!', 2007, 'Fallen Leaves', 'Billy Talent', 1, 10, 'Q0RAKVjFKRc', '', '', ''),
(11, 'Hvad skal vi TeXe i nat?', 2007, 'Hvor skal vi sove i nat?', 'Ivan Pedersen', 1, 11, 'Xydh-wTo4MU', '', '', ''),
(12, 'Afskedssang', 2007, 'Moskau', 'Dschenghis Khan', 1, 12, 'BQAKRw6mToA', '', '', ''),
(13, 'DIKURevy nu', 2006, 'Tunak Tunak Tun', 'Dahler Mehndi', 1, 1, '-bAN7Ts0xBo', '', '', ''),
(14, '(Du gi''r mig) Virus', 2006, 'Fever', 'Peggy Lee', 1, 2, 'JGb5IweiYG8', '', '', ''),
(15, 'Hard Disk Hallelujah', 2006, 'Hard Rock Hallelujah', 'Lordi', 1, 3, '4s2TfNlJ_nQ', '', '', ''),
(16, 'GUI', 2006, 'Blind Date', 'Drengene fra Angora', 1, 4, '3JqNA_PQO_c', '', '', ''),
(17, 'Så spiller vi spil', 2006, 'Viva Colonia', 'Höhner', 1, 5, '4aOjGW3XLF0', '', '', ''),
(18, 'Kode ML', 2006, 'I feel pretty', 'West Side Story', 1, 6, 'L7BQRGXFLJs', '', '', ''),
(19, 'Drik på vor Cafe', 2006, 'McNamaras Band', 'Irske bands', 1, 7, 'NekpkASDXfo', '', '', ''),
(20, 'World of Warcrack', 2006, 'Sommeren er forbi', 'Johnny Deluxe', 1, 8, 'pM2oqlzUWps', '', '', ''),
(21, 'Sandhedens time', 2006, 'Eye of the Tiger', 'Survivor', 1, 9, 'HHWS0H2JqSU', '', '', ''),
(22, 'Doom Doom', 2006, 'Boom, boom', 'Mabel', 1, 10, 'N88fSvN2zG0', '', '', ''),
(23, 'Amerikansk Datalogi', 2005, 'Amerika', 'Rammstein:Amerika', 1, 1, 'zYwlRH7R6DE', '', '', ''),
(24, 'En gammel bitter mands klagesang', 2005, 'Papas Sang', 'Anders ''Anden'' Matthesen', 1, 2, '', '', '', ''),
(25, 'Hvor få vi er', 2005, 'Hvor små vi er', 'Remee m.fl.', 1, 3, '4oVj_5ETqGs', '', '', ''),
(26, 'Her på DIKU', 2005, 'Halleluja', 'Leonard Cohen', 1, 4, 'kB67HO8tkQs', '', '', ''),
(27, 'Gaymer Boi', 2005, 'Sk8ter Boy', 'Avril Lavigne', 1, 5, 'KChJyERIclc', '', '', ''),
(28, 'Linieskriverdriversangen', 2005, 'Peberkagebagesangen', 'Dyrene i Hakkebakkeskoven', 1, 6, 'N0m2ptGUwpA', '', '', ''),
(29, 'S-tog', 2005, 'This Love', 'Maroon 5', 1, 7, 'l_CqMFKak1c', '', '', ''),
(30, 'Dispensationen', 2005, 'The Sick Note', 'The Dubliners', 1, 8, 'KqshH8O-h1Y', '', '', ''),
(31, 'AmagerDIKU', 2005, 'Himmelhunden', 'Hasse Andersson', 1, 9, 'OAXNS4bDoIE', '', '', ''),
(32, 'TeXer', 2005, 'Lækker', 'Nik & Jay', 1, 10, 'k22VMbhAnzw', '', '', ''),
(33, 'Bizar', 2005, 'Cigar', 'Bikstok Røgsystem', 1, 11, 'fu96waqc4Fo', '', '', ''),
(34, 'Ekamen er nu', 2005, 'Dragostea Din Tei', 'O-Zone', 1, 12, 'BgU_m3SuYPE', '', '', ''),
(35, 'Velkommen til revyen', 2004, 'Livin'' La Vida Loca', 'Ricky Martin', 1, 1, 'FW-6A6ahISs', '', '', ''),
(36, 'Stewards Institut', 2004, 'Stewards Pølsevogn', 'Anders ''Anden'' Matthesen', 1, 2, '', '', '', ''),
(37, 'Mokkesangen', 2004, 'Min Babuschka', 'Anders ''Anden'' Matthesen', 1, 3, '4F2iB0VQ8xk', '', '', ''),
(38, 'DIKU er et sted', 2004, 'Danmarkssangen', 'Shubidua', 1, 4, '', '', '', ''),
(39, 'Den onde instruktor', 2004, 'The Curse of Milhaven', 'Nick Cave', 1, 5, 'D0gj3IONdK0', '', '', ''),
(40, 'Studiestrukturstango', 2004, 'The Masochism Tango', 'Tom Lehrer', 1, 6, 'SMur24RW_h4', '', '', ''),
(41, 'Jeg dyrker HCI', 2004, 'Rollespilssangen', 'Svedbanken', 1, 7, '', '', '', ''),
(42, 'Alle går rundt og forelsker sig', 2004, 'Alle går rundt og forelsker sig', '', 1, 8, 'PuFbTcVdiKs', '', '', ''),
(43, 'Den danske sangskat', 2004, 'Blæsten går frisk over Limfjordens vande', '', 1, 11, '', '', '', ''),
(44, 'Den danske sangskat', 2004, 'Jylland mellem tvende have', '', 1, 11, '', '', '', ''),
(45, 'Den danske sangskat', 2004, 'Marken er mejet', '', 1, 11, '', '', '', ''),
(46, 'Jeg vil ikke kode mer''', 2004, 'I won''t be there anymore', 'Pockets', 1, 12, '', '', '', ''),
(47, 'Vi koder kernen', 2004, 'My Way', 'Frank Sinatra', 1, 13, 'G1tGdoA6mCc', '', '', ''),
(48, 'Slaveprogrammørens sang', 2004, 'Play that funky music white boy', '', 1, 14, 'a15jjUA7zgc', '', '', ''),
(49, 'Åbningssang', 2003, 'Karn Evil 9, First Impressions, part 2', 'Alanis Morisette', 1, 1, 'DeDp4S-LMA4', '', '', ''),
(50, 'SML', 2003, 'Riv den af', 'Ørkenens Sønner', 1, 2, 'IPbZ9BqkbjY', '', '', ''),
(51, 'Vi ryger en skævert', 2003, 'Nu Ruller Vi Alle', 'Palle, Polle og Ruth', 1, 3, 'rostD_iKxbI', '', '', ''),
(52, 'Mit Institut', 2003, 'My kind of town (Chicago)', 'Frank Sinatra', 1, 4, 'pxYXFY7SmYc', '', '', ''),
(53, 'Demokratiet er forbi', 2003, 'Crying', 'Aerosmith', 1, 5, '1HD3Sqlcm3o', '', '', ''),
(54, 'Glo på gud', 2003, 'Diggi-Loo, Diggi-Ley', 'Herreys', 1, 6, 'UTFec_mrD-c', '', '', ''),
(55, 'Jeg går på DIKU', 2003, 'Rotterdam', 'Beautiful South', 1, 7, 'eYatHYQiK6w', '', '', ''),
(56, 'Helt til C', 2003, 'Heal the world', 'Michael Jackson', 1, 8, 'y8-HcclFytw', '', '', ''),
(57, 'Han Kan Bare Ikke Bestå', 2003, 'Monsoon', 'Robbie Williams', 1, 9, 'tdDwj0Ehd5U', '', '', ''),
(58, 'Kode Hele Natten', 2003, 'Proud Mary', 'Tina Turner', 1, 10, 'uYtnNk7xCRE', '', '', ''),
(59, 'DIKU revy', 2002, 'Sonny Soufflé', 'Wikke og Rasmussen', 1, 1, '', '', '', ''),
(60, 'Bare en datalog', 2002, 'Gigolo', 'David Lee Roth', 1, 2, 'yPM7jdE7gWs', '', '', ''),
(61, 'Bryg din egen kaffe selv', 2002, 'Dream a little dream of me', '', 1, 3, 'r035et3sz5o', '', '', ''),
(62, 'Dat0 igen', 2002, 'On The Road Again', 'Willie Nelson', 1, 4, 'XsqZL_xpavE', '', '', ''),
(63, 'Hvor''n havde du forventet', 2002, 'Hvad havde du forventet', 'Patrick Isakson', 1, 5, '', '', '', ''),
(64, 'Hovedfag i fysik', 2002, 'This is how you remind me', 'Nickelback', 1, 6, 'fFusVrhcc2s', '', '', ''),
(65, 'Roder med mig selv', 2002, 'Snakker med mig selv', '', 1, 7, '', '', '', ''),
(66, 'Multimedie', 2002, 'Voldsom Volvo', 'Brødrene Bisp', 1, 8, 'FhsBU-qyqDE', '', '', ''),
(67, 'Jen slide', 2002, 'VMTJ (togsangen)', 'Tørfisk', 1, 9, 'stXMGT5yMvY', '', '', ''),
(68, 'Nu er der sommerfest', 2002, 'Just Can''t Get Enough', 'Bruce Springsteen', 1, 8, 'ky6_PnDLe9g', '', '', ''),
(69, 'DIKUREVY', 2001, 'Danmark', 'Gnags', 1, 1, '', '', '', ''),
(70, 'Tag på mig', 2001, 'Take on me', 'AHA', 1, 2, 'RMWXyEHoN88', '', '', ''),
(71, 'Dougals Adams Sang', 2001, 'American Pie', 'Don MacLean', 1, 3, 'QHkT2YfqHE4', '', '', ''),
(72, 'DatNulFunk', 2001, 'Rundfunk', 'Shubidua', 1, 4, '', '', '', ''),
(73, 'Du er på DIKU nu', 2001, 'You''re in the army now', 'Status Quo', 1, 5, 'eCLc8cZdhLI', '', '', ''),
(74, 'Den sindssyge videnskabskvinde', 2001, 'Wuthering Heights', 'Kate Bush', 1, 6, 'gfGc4wcil2g', '', '', ''),
(75, 'Vi lukker server''n ned', 2001, 'Vi maler byen rød', 'Birthe Kjær', 1, 7, 'N2ZZeGTHCto', '', '', ''),
(76, 'My Heart Belongs To DADA', 2001, 'My Heart Belongs To Daddy', 'Cole Porter', 1, 8, 'lB0zzEVGeDg', '', '', ''),
(77, 'Du er mit svar', 2001, 'Natural Woman', 'Carole King and Gerry Goffin', 1, 9, 'WfKcy0E-Wv8', '', '', ''),
(78, 'Stakkels VIP', 2001, 'Stakkels Jim', 'Gasolin', 1, 10, '', '', '', ''),
(79, 'Hjemmehackeriet', 2001, 'Hjemmebrænderiet', 'De Gyldne Løver', 1, 11, '', '', '', ''),
(80, 'Hvem vil ikke være datalog', 2001, 'Everybody wants to be a cat', 'Walt Disney - Aristocats', 1, 12, 'eVhAGPYhvHo', '', '', ''),
(81, 'Kandidaterne fra ITU', 2001, 'Big Boys in Red and White', 'Big Fat Snake', 1, 13, '', '', '', ''),
(82, 'Kode I C', 2001, 'Addicted to Love', 'Robert Palmer', 1, 14, 'F0U5JfGYx4c', '', '', ''),
(83, 'Åbningssang', 2000, 'Larger Than Life', 'Alanis Morisette', 1, 1, '', '', '', ''),
(84, 'Linux det kører', 2000, 'Money for Nothing', 'Dire Straights', 1, 2, 'aNaKWXqXkhw', '', '', ''),
(85, 'UPS - jeg gjorde det igen', 2000, 'Oops I Did It Again', 'Britney Spears', 1, 3, 'unBACOHFXes', '', '', ''),
(86, 'ILOVEYOU', 2000, 'Sexbomb', 'Tom Jones', 1, 4, '6KUJE2xs-RE', '', '', ''),
(87, 'Ingen Regning', 2000, 'Ingen Regning', 'Peter Belli', 1, 5, '', '', '', ''),
(88, 'HTML', 2000, 'YMCA', 'Village People', 1, 6, 'viCfDHye8iM', '', '', ''),
(89, 'Jeg koder C', 2000, 'When You say nothing at all', 'Ronan Keating', 1, 7, 'AuJrEBtmM1Q', '', '', ''),
(90, 'DIKUs stolte halle', 2000, 'Mormors Kolonihavehus', '', 1, 8, '', '', '', ''),
(91, 'ML', 2000, 'Rawhide', 'Blues Brothers', 1, 9, 'D-1sL3bUvuE', '', '', ''),
(92, 'Afslutningssang', 2000, 'Kom tilbage nu', 'Danseorkestret', 1, 10, 'kwMY8hb6vqk', '', '', ''),
(93, 'SPAM! (Porky SPARC)', 2000, 'BANG!', 'Gorki Park', 1, 11, '2Y06XgMGMB0', '', '', ''),
(94, 'Læser til datalog', 2000, 'Smuk som et stjerneskud', 'Brødrene Olsen', 1, 12, 'Z1CmIo2Etys', '', '', ''),
(95, 'Kod det for mig baby', 1999, 'Pretty Fly', 'Offspring', 1, 1, 'f7-E1qTVJgE', '', '', ''),
(96, 'Oracle', 1999, 'Åh Abe', 'Bernhard Christensen', 1, 2, '', '', '', ''),
(97, 'Itu Itu', 1999, 'New York, New York', 'Frank Sinatra', 1, 3, 'jM52Xsvw5NQ', '', '', ''),
(98, 'Ligger der på køl', 1999, 'Living on the edge', 'Aerosmith', 1, 4, 'yJVwPuF2bCM', '', '', ''),
(99, 'DIKU mangler lektorat', 1999, 'Disco Tango a la Carte', 'Tommy Seebach', 1, 5, 'tVfZytmZoBM', '', '', ''),
(100, '...Og om lidt...', 1999, 'Svantes lykkelige dag', '', 1, 6, 'Wx_sSUHtaTM', '', '', ''),
(101, 'Bits scorer pi''r', 1999, 'Spændt op til lir', 'Den Gale Pose', 1, 7, '1Q3uZMcdLPk', '', '', ''),
(102, 'Jantes Ulykkelige Liv', 1999, 'Nobody''s Wife', 'Anouk', 1, 8, 'BytyXtiyeDU', '', '', ''),
(103, 'Kværk', 1999, 'Fame', 'Irene Cara', 1, 9, 'exjIcxdmIfo', '', '', ''),
(104, 'Det var så DIKU-revyen Part II', 1999, 'Innuendo', 'Queen', 1, 10, 'cpys1c3jCNs', '', '', ''),
(105, 'Videospil Videospil', 1999, 'Video Video', 'Brixx', 1, 11, 'C2Z8h6wowoc', '', '', ''),
(106, 'Åbningssang', 1998, 'Wannabe', 'Alanis Morisette', 1, 1, '', '', '', ''),
(107, 'M: Backstreet''s Back', 1998, 'Backstreet''s Back', 'Backstreet Boys', 1, 2, 'Hb-q1XPNr7M', '', '', ''),
(108, 'M: Final Countdown', 1998, 'Final Countdown', 'Europe', 1, 3, '6MPTbSJH0lE', '', '', ''),
(109, 'M: Back for good', 1998, 'Back for good', 'Take That', 1, 4, 'wMSUnEOPY5I', '', '', ''),
(110, 'M: We''ve got it going on', 1998, 'We''ve got it going on', '', 1, 5, 'YcWngQVAMHc', '', '', ''),
(111, 'Koder lidt', 1998, 'Stayin'' Alive', 'Bee Gees', 1, 6, '5rKo7Tf5YBQ', '', '', ''),
(112, 'Han koder slam', 1998, 'Han får for lidt', 'Østkyst Hustlers', 1, 7, 'EhwM9c3fdCU', '', '', ''),
(113, 'For dum til det her sted', 1998, 'For kendt', 'Lex & Klatten', 1, 8, 'HiZIboUpHDY', '', '', ''),
(114, 'I DAG er verden vor', 1998, 'Tomorrow Belongs to Me', '', 1, 9, 'EdM8PDu6VMg', '', '', ''),
(115, 'Leave me alone', 1998, 'Leave Me Alone', 'Michael Jackson', 1, 10, 'CbH04pY7alA', '', '', ''),
(116, 'Datalogi!', 1998, 'Skæbnesymfonien', 'Beethoven', 1, 11, 'zhcR1ZS2hVo', '', '', ''),
(117, 'Revy''n er slut!', 1998, 'Tubthumping', 'Chumbawumba', 1, 12, '_lJIjdajBww', '', '', ''),
(118, 'Åbningsrap', 1997, 'Arh der', 'MC Einar', 1, 1, '', '', '', ''),
(119, 'RH1: Historie Starter', 1997, 'Science fiction - double feature', 'Rocky Horror Picture Show', 1, 2, '0LKZWtLbLpQ', '', '', ''),
(120, 'RH2: Så kører embla', 1997, 'Let''s do the time warp again', 'Rocky Horror Picture Show', 1, 3, 'zdu7xoHU9DA', '', '', ''),
(121, 'RH3: Operatøren', 1997, 'Sweet Transvestite', 'Rocky Horror Picture Show', 1, 4, 'Hcpvx2EVCpU', '', '', ''),
(122, 'RH4: Gør ham til en mand', 1997, 'I can make you a man', 'Rocky Horror Picture Show', 1, 5, 'm8yWvx56GV8', '', '', ''),
(123, 'RH5: Tag mig', 1997, 'Touch Me', 'Rocky Horror Picture Show', 1, 6, 'Q9JvhsCTxpA', '', '', ''),
(124, 'RH6: Søren Olsen', 1997, 'Whatever happened to saturday night', 'Rocky Horror Picture Show', 1, 7, '22IQMg-wQRw', '', '', ''),
(125, 'Fredagssang', 1997, 'Fredagssangen', 'Tæskeholdet', 1, 8, 'gViCgwwmE_Y', '', '', ''),
(126, 'StandardML', 1997, 'Norsk Black Metal', 'Red Warsawa', 1, 9, 'bW6SDEelRxQ', '', '', ''),
(127, 'JHGMP', 1997, 'Jeg har købt en guitar', 'Shubidua', 1, 10, '', '', '', ''),
(128, 'Eileen', 1997, 'Come on Eileen', 'Dexy''s Midnight Runners', 1, 11, '7z9bPrUark4', '', '', ''),
(129, 'Det var DIKU revyen', 1997, 'Don''t cry for me Argentina', 'Andrew Lloyd Webber', 1, 12, 'DdD3MUFKleQ', '', '', ''),
(130, 'Java Java', 1997, 'Bananer, Bananer', 'Onkel Dum og Bananerne', 1, 13, '', '', '', ''),
(131, 'Sirenen Tuder', 1997, 'Irene Mudder', '', 1, 14, '', '', '', ''),
(132, 'Åbningssang', 1996, 'You Oughta Know', 'Alanis Morisette', 1, 1, 'Tnbc64XQ1DI', '', '', ''),
(133, 'Jeg traf dig på nettet', 1996, 'Grow for me', 'Little Shop of Horrors', 1, 2, 'Skb4Tpf3H94', '', '', ''),
(134, 'Jeg er en datalog', 1996, 'Dentist', 'Little Shop of Horrors', 1, 3, 'bOtMizMQ6oM', '', '', ''),
(135, 'Pludselig Simon', 1996, 'Suddenly Seymour', 'Little Shop of Horrors', 1, 4, '9DD7VIKZnGA', '', '', ''),
(136, 'Grumme grel bestyrer', 1996, 'Green Mean Mother from Outer Space', 'Little Shop of Horrors', 1, 5, 'Ovu0_VFJsBY', '', '', ''),
(137, 'Det'' meget pæner'' i ML', 1996, 'Diggin'' on James Brown', 'Tower of Power', 1, 6, 'lJjV00zneYk', '', '', ''),
(138, 'Eksamensdag', 1996, 'Enter Sandman', 'Metallica', 1, 7, 'jRYDetbwegs', '', '', ''),
(139, 'Censormanden', 1996, 'Sårhus', 'Shubidua', 1, 8, '', '', '', ''),
(140, 'Leverpostej', 1996, 'Live and let die', 'Paul Mcartney', 1, 9, 'AaRpsrF8UoM', '', '', ''),
(141, 'DIKU-sommerfest', 1996, 'My boy lollipop', '', 1, 10, 'qpIlerk-hV4', '', '', ''),
(142, 'Fèvre', 1996, 'Fever', '', 1, 11, 'JGb5IweiYG8', '', '', ''),
(143, 'Slamkodervisen', 1996, 'We''re not gonna take it', 'Twisted Sister', 1, 12, 'eyu7nN3kBnw', '', '', ''),
(144, 'Slå røven i sædet', 1995, 'You can leave your hat on', '', 1, 1, 'nPk72nUYri4', '', '', ''),
(145, 'Poul Kjøller''s Greatest Cache Hit', 1995, 'Andreas Sang', '', 1, 0, 'nVhHHLOgQZ4', '', '', ''),
(146, 'Poul Kjøller''s Greatest Cache Hit', 1995, 'Bakke Savvendt', '', 1, 0, '', '', '', ''),
(147, 'Poul Kjøller''s Greatest Cache Hit', 1995, 'Jeg er så glad for min cykel', '', 1, 0, '', '', '', ''),
(148, 'Poul Kjøller''s Greatest Cache Hit', 1995, 'Bondemanden', '', 1, 0, 'V2NZt0BlGiw', '', '', ''),
(149, 'Poul Kjøller''s Greatest Cache Hit', 1995, 'I Min Klasse', '', 1, 0, '', '', '', ''),
(150, 'Sol & Sommer', 1995, 'Summer Nights', 'Grease', 1, 7, 'MzLZxj7chBA', '', '', ''),
(151, 'Hvad skal jeg med DKD?', 1995, 'Look At Me I''m Sandra Dee', 'Grease', 1, 8, 'MKBcqdyONow', '', '', ''),
(152, 'Hvad skal jeg stille op?', 1995, 'There are worse things I could do', 'Grease', 1, 9, 'OhE6RpIarN0', '', '', ''),
(153, 'Kørende kerne', 1995, 'Greased Lightning', 'Grease', 1, 10, '_Y9zTScjahQ', '', '', ''),
(154, 'Doublespace mit hjerte', 1995, 'You''re the one that I want', 'Grease', 1, 11, 'aHdRdfhGKJs', '', '', ''),
(155, 'Musikmaskiner og audio...', 1995, 'We Will Rock You', 'Queen', 1, 12, 'iikKzQwgBJc', '', '', ''),
(156, 'Programtransformation', 1995, 'Jeg er på rekreation', 'Troels Trier', 1, 13, '', '', '', ''),
(157, 'Jyrki er et lyn', 1995, 'Bølle bob', 'Per Borgsten', 1, 14, 'lF6VuXhlbxE', '', '', ''),
(158, 'Skriver på specialet', 1995, 'Walking by Myself', 'Rogers & Lane', 1, 15, '', '', '', ''),
(159, 'Dette var revyen', 1995, 'In the Mood', '', 1, 16, 'ZJE-onnw2gM', '', '', ''),
(160, 'Clicking my day away', 1995, 'Sleeping my day away', 'DAD', 1, 17, 'FdDrDa9PGJg', '', '', ''),
(161, 'Kom til fest på DIKU', 1995, 'Be My Life''s Companion', 'Bob Hillard & Milton de Lugg', 1, 18, 'xmk6ZKENCDM', '', '', ''),
(162, 'Lampesangen', 1994, '', '', 1, 1, '', '', '', ''),
(163, 'En PC på et bord', 1994, 'To lys på et bord', '', 1, 2, 'a1qYEvLI9YI', '', '', ''),
(164, 'Dat0-revysion', 1994, 'Vi lister os afsted på tå', 'Folk og Røvere i Kardemommby', 1, 3, '', '', '', ''),
(165, 'Femten mand på vej...', 1994, 'Femten mand på en død mands kiste', 'Sebastian', 1, 5, '', '', '', ''),
(166, 'Femten mand på vej...', 1994, 'Blod og Guld', 'Sebastian', 1, 5, '', '', '', ''),
(167, 'Eksamen', 1994, 'Bohemian Rhapsody', 'Queen', 1, 6, 'irp8CNj9qBI', '', '', ''),
(168, 'Superbrugerdrillesang', 1994, 'Nissedrillesangen', 'Jul på Slottet', 1, 7, '', '', '', ''),
(169, 'Kernesang', 1994, 'The Boxer', 'Rocky Horror Picture Show', 1, 6, '', '', '', ''),
(170, 'Det tror vi ej på DIKU', 1994, 'That ain''t no way to treat a lady', '', 1, 9, '7WEAMv3SR-M', '', '', ''),
(171, 'Kod mig!', 1994, 'Feed me', 'Little Shop of Horrors', 1, 10, 'BGRN39oifsE', '', '', ''),
(172, 'Her på stedet', 1994, 'Rabalderstræde', 'Gasolin', 1, 11, 'BF9QETcSMaQ', '', '', ''),
(173, 'Pia', 1993, 'Smilende Sussi', '', 1, 1, '', '', '', ''),
(174, 'Rusvejledersang', 1993, 'Bare Neccesities', 'Junglebogen', 1, 2, '9ogQ0uge06o', '', '', ''),
(175, 'Stigs Sang', 1993, 'Krig og Fred', 'Shubidua', 1, 3, '', '', '', ''),
(176, 'Elefantsangen', 1993, 'Jeg vil male himlen blå', '', 1, 4, '', '', '', ''),
(177, 'Vaxen Freja', 1993, 'Hvalen Valborg', 'Shubidua', 1, 5, 'y3rgL24pTSA', '', '', ''),
(178, 'Kernesang', 1993, 'Time Warp', 'Rocky Horror Picture Show', 1, 6, 'zdu7xoHU9DA', '', '', ''),
(179, 'Johnny ka'' kode', 1993, 'Johnny B. Goode', 'Chuck Berry', 1, 7, 'R0YUA3yTUss', '', '', ''),
(180, 'Nu er der sommerfest', 1993, 'Born In the USA', 'Bruce Springsteen', 1, 8, 'yPudiBR15mk', '', '', ''),
(181, 'DIKU-gryde', 1992, 'Peberkagebagesangen', 'Dyrene i Hakkebakkeskoven', 1, 1, 'N0m2ptGUwpA', '', '', ''),
(182, 'Velkommen til DIKU', 1992, 'Hotel California', 'The Eagles', 1, 2, '8I2DqhTcZrA', '', '', ''),
(183, 'Dat 0 er et hul', 1992, '', '', 1, 3, '', '', '', ''),
(184, 'Sig de ord', 1992, '', '', 1, 4, '', '', '', ''),
(185, 'Sexchikane', 1992, 'Sexchikane', 'Shubidua', 1, 5, '2TjIRvP5y7c', '', '', ''),
(186, '1 PC på et bord,...', 1992, 'To lys på et bord', '', 1, 6, 'a1qYEvLI9YI', '', '', ''),
(187, 'Good Vibrations', 1992, '', '', 1, 7, '', '', '', ''),
(188, 'Tryk på', 1992, '', '', 1, 8, '', '', '', ''),
(189, 'Ærlig talt...', 1992, 'Det er ikke genialt', '', 1, 9, '', '', '', ''),
(190, 'Megavisen', 1992, '', '', 1, 10, '', '', '', ''),
(191, 'Så længe jeg læser', 1992, 'Så længe jeg lever', 'John Mogensen', 1, 11, 'NYFUHY2ugLg', '', '', ''),
(192, 'Penge penge', 1992, '', '', 1, 12, '', '', '', ''),
(193, 'åh, det lemmingspil...', 1992, 'She''ll be coming round the mountain', '', 1, 13, 'http://youtube.com/watch?v=', '', '', ''),
(194, 'Frygt for fysik', 2007, 'Fear of the Dark', 'Iron Maiden', 2, 0, 'Xx8HwFpxv54', 'Frygt for Fysik', '', 'synes højt, der headbanges'),
(195, 'No Malte', 2007, 'No Limit', '2 Unlimited', 2, 0, 'gzyFmilkd80', '', '', ''),
(196, 'Løs nu det integral', 2007, 'Don''t go breaking my heart', 'Elton John', 2, 0, 'vEJJbB3oqyg', '', '', ''),
(197, 'DIKU', 2007, 'Holland', 'Joint Venture 2004', 2, 0, '', '', '', ''),
(198, 'Kvantemekanikken', 2007, 'It''s a Kind of Magic', 'Queen', 2, 0, 'NLxN0wpFoP8', '', '', ''),
(199, 'Kan Tine?', 2007, 'Jolene', 'Dolly Parton', 2, 0, 'bEbh0SWandU', '', '', ''),
(200, 'Fed Fysik', 2007, 'Fed Rock', 'Shubidua', 2, 0, '', '', '', ''),
(201, 'Kondoeffekt', 2007, 'Drop it like it''s hot', 'Snoop Dogg', 2, 0, '2GYSei66Rh4', '', '', ''),
(202, 'FysikRevy&trade; nul sex', 2006, 'Willkommen', 'John Kander og Fred Ebb', 2, 0, 'jQCJw5AGWtI', '', '', ''),
(203, 'SU for intet', 2006, 'Money for Nothing', 'Dire Straits', 2, 0, 'aNaKWXqXkhw', '', '', ''),
(204, 'Jeg er professor', 2006, 'The Lumberjack Song', 'Monty Python', 2, 0, '5zey8567bcg', '', '', ''),
(205, 'Sikken voldsom tone og maner', 2006, 'Sikken voldsom trængsel og alarm', 'Emil Horneman', 2, 0, '', '', '', ''),
(206, 'De seje tings sang', 2006, 'EPO-sangen', 'Red Warszawa', 2, 0, '', '', '', ''),
(207, 'Caféen? drak mig fuld', 2006, 'Den gamle gubbe', 'Creamy', 2, 0, '', '', '', ''),
(208, 'Den kedelige matematiker', 2006, 'Den gamle spillemand', 'Ole Stjerndorff', 2, 0, '', '', '', ''),
(209, 'Bohr på NBI', 2006, 'Sleeping in my Car', 'Roxette', 2, 0, 'MDjdMxHHmF4', '', '', ''),
(210, 'Når jeg ser en bombe spænge', 2006, 'Når jeg ser et rødt flag smælde', 'Oskar Hansen', 2, 0, '', '', '', ''),
(211, 'Farvel og tak FysikRevy&trade;', 2006, 'The Liberty Bell March', 'John Philip Sousa', 2, 0, 'N1OqPLcIRBs', '', '', ''),
(212, 'Den sidste frebar', 2005, 'The Final Countdown', 'Europe', 2, 0, '0ZkllM8znx4', '', '', ''),
(213, 'Vi ved vi er nørder', 2005, 'Sweet Home Alabama', 'Lynyrd Skynyrd', 2, 0, 'RHsDa9_HSlA', '', '', ''),
(214, 'Et fag tilbage', 2005, 'En dag tilbage', 'Nik og Jay', 2, 0, '', '', '', ''),
(215, 'JMK afsked', 2005, 'Laugh and a half', 'D-A-D', 2, 0, 'oj3j9Ib50W8', '', '', ''),
(216, 'Førsteårsprojektet', 2005, 'Banana boat song', 'Harry Belafonte', 2, 0, '6pOvnPdpNu0', '', '', ''),
(217, 'Per Powers', 2005, 'Darkwing Duck theme', 'Disney', 2, 0, 'czCqMWRFVg4', '', '', ''),
(218, 'Drikker jeg?', 2005, 'Drømmer jeg?', 'Johnny Deluxe', 2, 0, 'PvEO9frhZhk', '', '', ''),
(219, 'Barsebäck', 2005, 'Afrika', 'Renee', 2, 0, 'p5LdCTemQ5k', '', '', ''),
(220, 'Biopiger', 2005, 'Tjikker Likker Tjau Tjau', 'Kim Larsen', 2, 0, '', '', '', ''),
(221, 'Pudsesange', 2004, 'The Work Song (fra Askepot)', 'Disney', 2, 1, 'hfBaBtcGhuU', '', '', ''),
(222, 'Jans BEC sang', 2004, 'Peberkagebagesangen', 'Dyrene i Hakkebakkeskoven', 2, 2, 'N0m2ptGUwpA', '', '', ''),
(223, 'Fasebal i kvanteland', 2004, 'Julebal i nisseland', 'Sven Gyldmark', 2, 3, '', '', '', ''),
(224, 'Oles BSE sang', 2004, 'Peberkagebagesangen', 'Dyrene i Hakkebakkeskoven', 2, 4, 'N0m2ptGUwpA', '', '', ''),
(225, 'Det er laser, der er lys og det e', 2004, 'Det er sommer, det er sol og det er søndag', '', 2, 5, '', '', '', ''),
(226, 'Drik dig ned', 2004, 'Jubii-jaeh-jaeh', '', 2, 6, '', '', '', ''),
(227, 'Jeg så Wernerdrengen kysse Bohr', 2004, 'I saw mommy kissing Santa Claus', 'Tommie Connor', 2, 7, 'FICaxr-bTlo', '', '', ''),
(228, 'Intet har masse', 2004, 'Nothing Else Matters', 'Metallica', 2, 8, 'JgiGrXpOhYg', '', '', ''),
(229, 'Dengang jeg var dreng', 2004, 'Strangers in the Night', 'Frank Sinatra', 2, 9, 'LAEQzVv_Itc', '', '', ''),
(230, 'Ring af ild', 2004, 'Ring of Fire', 'Johnny Cash', 2, 10, 'Y2iv_E-Fn9E', '', '', ''),
(231, 'Vi har brillerne på', 2004, 'It must have been love', 'Roxette', 2, 11, 'S0DNQMzpG_s', '', '', ''),
(232, 'Dildsangen', 2004, 'Staying Alive', 'BeeGees', 2, 12, 'u9sTxEuuyVU', '', '', ''),
(233, 'Frebar', 2004, 'Nu skal vi på skovtur', '', 2, 13, '', '', '', ''),
(234, 'Kvanter i måneskin', 2004, 'Danse i måneskin', 'Trine Dyrholm', 2, 14, '9pTihwRkwxU', '', '', ''),
(235, 'Drik på Caféen?', 2003, 'Hold dig til Helte', 'Thomas Høg', 2, 1, '', '', '', ''),
(236, 'Hil Caféen?', 2003, 'Hil Atlantis', 'Thomas Høg', 2, 2, '', '<p class="verse">\r\n<em>K</em><span> Jeg sku\\'' ha\\'' vær\\''t til Dat1E.\r</span>\n<em>W</em><span> Det slutter eg\\''ntlig klokken tre.\r</span>\n<em>K</em><span> Jeg slider som en hest,\r</span>\n<em></em><span>men nu vil jeg ha\\'' fest,\r</span>\n<em></em><span>og det er her, man fester bedst.\r</span>\n</p><p class="verse">\r\n<em>W</em><span> Vort liv på DIKU started\\'' her\r</span>\n<em>Kor</em><span> det\\'' meget sjover\\'' end Dat0!\r</span>\n<em>W</em><span> Vort liv på DIKU ender her\r</span>\n<em>DR1</em><span> Det er da bedre end et eller andet andet hul! (råbes)\r</span>\n<em>W</em><span> Så hør de vise ord:\r</span>\n<em></em><span>Det\\'' her, dit hjerte bor.\r</span>\n<em></em><span>Gå kold! Og vågn til druk og hor!\r</span>\n</p><p class="chorus">\r\n<em>Kor+K+W</em><span> Hil Caféen! Pris Caféen!\r</span>\n<em></em><span>Vores hjem igennem alle år!\r</span>\n<em></em><span>Hil Caféen! Pris Caféen!\r</span>\n<em></em><span>Dumper vi, så ved vi, du består!\r</span>\n</p><p class="verse">\r\n<em>K</em><span>           Se, sådan skænker man en øl.\r</span>\n<em>Kor</em><span>         Lær os/dem at blande mad på fad.\r</span>\n<em>W</em><span>           Ha\\'' altid flasker nok på køl.\r</span>\n<em>Kor</em><span>         Så bliver kunden glad.\r</span>\n<em></em><span>             Vel er her lidt beskidt,\r</span>\n<em>Kor+W+K</em><span>     fordi vi er her tit.\r</span>\n<em></em><span>             Det lort, du ser, er dit og mit.\r</span>\n</p><p class="chorus">\r\n<em>Kor+K+W</em><span>     Hil Caféen! Pris Caféen!\r</span>\n<em></em><span>             Vores hjem igennem alle år!\r</span>\n<em></em><span>             Hil Caféen! Pris Caféen!\r</span>\n<em></em><span>             Dumper vi, så ved vi, du består!\r</span>\n</p><p class="verse">\r\n<em>K</em><span>           Så lad mig drikke lidt igen.\r</span>\n<em>Kor</em><span>         Årh, mand, hvor er du stærk og sej.\r</span>\n<em>W</em><span>           Jeg læser bedst med tømmermænd.\r</span>\n<em>Kor</em><span>         Åh, nej! Han brækker sig.\r</span>\n<em>W</em><span>           Når aldrig til Dat2.\r</span>\n<em>Kor</em><span>         Vi dumper!\r</span>\n<em>W</em><span>           Det er for højt niveau.\r</span>\n<em>Kor</em><span>         Vi dumper!\r</span>\n<em>W</em><span>           For mig, for jeg er datalog.\r</span>\n</p><p class="chorus">\r\n<em>Kor+K+W</em><span>     Hil Caféen! Pris Caféen!\r</span>\n<em></em><span>             Vores hjem igennem alle år!\r</span>\n<em></em><span>             Hil Caféen! Pris Caféen!\r</span>\n<em></em><span>             Dumper vi, så ved vi, du består!\r</span>\n</p>', '\\\\begin{verse}\r\n\\\\sings{K} Jeg sku\\'' ha\\'' vær\\''t til Dat1E.\r\n\\\\sings{W} Det slutter eg\\''ntlig klokken tre.\r\n\\\\sings{K} Jeg slider som en hest,\r\nmen nu vil jeg ha\\'' fest,\r\nog det er her, man fester bedst.\r\n\\\\end{verse}\r\n\r\n\\\\begin{verse}\r\n\\\\sings{W} Vort liv på DIKU started\\'' her\r\n\\\\sings{Kor} det\\'' meget sjover\\'' end Dat0!\r\n\\\\sings{W} Vort liv på DIKU ender her\r\n\\\\sings{DR1} Det er da bedre end et eller andet andet hul! (råbes)\r\n\\\\sings{W} Så hør de vise ord:\r\nDet\\'' her, dit hjerte bor.\r\nGå kold! Og vågn til druk og hor!\r\n\\\\end{verse}\r\n\r\n\\\\begin{chorus}\r\n\\\\sings{Kor+K+W} Hil Caféen! Pris Caféen!\r\nVores hjem igennem alle år!\r\nHil Caféen! Pris Caféen!\r\nDumper vi, så ved vi, du består!\r\n\\\\end{chorus}\r\n\r\n\\\\begin{verse}\r\n\\\\sings{K}           Se, sådan skænker man en øl.\r\n\\\\sings{Kor}         Lær os/dem at blande mad på fad.\r\n\\\\sings{W}           Ha\\'' altid flasker nok på køl.\r\n\\\\sings{Kor}         Så bliver kunden glad.\r\n             Vel er her lidt beskidt,\r\n\\\\sings{Kor+W+K}     fordi vi er her tit.\r\n             Det lort, du ser, er dit og mit.\r\n\\\\end{verse}\r\n\r\n\\\\begin{chorus}\r\n\\\\sings{Kor+K+W}     Hil Caféen! Pris Caféen!\r\n             Vores hjem igennem alle år!\r\n             Hil Caféen! Pris Caféen!\r\n             Dumper vi, så ved vi, du består!\r\n\\\\end{chorus}\r\n\r\n\\\\begin{verse}\r\n\\\\sings{K}           Så lad mig drikke lidt igen.\r\n\\\\sings{Kor}         Årh, mand, hvor er du stærk og sej.\r\n\\\\sings{W}           Jeg læser bedst med tømmermænd.\r\n\\\\sings{Kor}         Åh, nej! Han brækker sig.\r\n\\\\sings{W}           Når aldrig til Dat2.\r\n\\\\sings{Kor}         Vi dumper!\r\n\\\\sings{W}           Det er for højt niveau.\r\n\\\\sings{Kor}         Vi dumper!\r\n\\\\sings{W}           For mig, for jeg er datalog.\r\n\\\\end{verse}\r\n\r\n\\\\begin{chorus}\r\n\\\\sings{Kor+K+W}     Hil Caféen! Pris Caféen!\r\n             Vores hjem igennem alle år!\r\n             Hil Caféen! Pris Caféen!\r\n             Dumper vi, så ved vi, du består!\r\n\\\\end{chorus}\r\n', ''),
(237, 'Så skal der scores', 2003, 'Rorenka', 'Thomas Høg', 2, 3, '', '', '', ''),
(238, 'Lukkevagtens sang', 2003, 'Morgen på Atlantis', 'Thomas Høg', 2, 4, '', '', '', ''),
(239, 'Hold på Guld Tuborg', 2003, 'Hold på Jabbador', 'Thomas Høg', 2, 5, '', '', '', ''),
(240, 'Super Ole E', 2003, 'øhhh-øhh-øhhh-der (på taktslag 1.2.3,5.4)', '', 2, 6, '', '', '', ''),
(241, 'Per-Vers', 2003, 'De gamle dyder', 'Sebastian', 2, 7, '', '', '', ''),
(242, 'Dødskørsel i den røde bil', 2003, 'Rollespilssangen', 'Svedbanken', 2, 8, 'GBUC0ne_weA', '', '', ''),
(243, 'Thomas er en nanomand', 2003, 'Otto er et næsehorn', 'Jacob Groth', 2, 9, '', '', '', ''),
(244, 'Nano', 2003, 'Nanna', '', 2, 10, '', '', '', ''),
(245, 'Klassisk Mekanik', 2003, 'Self Esteem', 'The Offspring', 2, 11, '2kIZeVoRBuU', '', '', ''),
(246, 'Våbenfysik', 2003, 'Jutlandia', 'Kim Larsen', 2, 12, 'HSzUX7p7nco', '', '', ''),
(247, 'Det sidste nedbrud', 2002, 'The Final Countdown', 'Europe', 2, 1, '0ZkllM8znx4', '', '', ''),
(248, 'Russerpige', 2002, 'Hvad skal en stakkels pige?', 'Ørkenens sønner', 2, 2, 'h6PZscXKDzA', '', '', ''),
(249, 'Hey Andy', 2002, '', '', 2, 3, '', '', '', ''),
(250, 'Mekanikeksamen', 2002, 'Go Down Moses', '', 2, 4, 'W76QjLsQADQ', '', '', ''),
(251, 'Sangen om svar', 2002, 'Ostesangen', 'Sebastian', 2, 4, '', '', '', ''),
(252, 'Kender du spam?', 2002, 'Kender du det?', 'Søren Kragh Jacobsen', 2, 5, 'VmeNOjDCXNE', '', '', ''),
(253, 'Heidi H', 2002, 'Minnie the Moocher', 'Big Bad Voodoo Daddy', 2, 6, 'RHFAZMI8l8M', '', '', ''),
(254, 'Ondsang', 2002, 'Se min kjole', '', 2, 7, '', '', '', ''),
(255, 'Fysik er fedt', 2002, 'Baby It''s Cold Outside', 'Frank Loesser', 2, 8, 'G5Rbkcxiibw', '', '', ''),
(256, 'Bar'' en datalog', 2002, 'Just a Gigolo', 'Louis Prima', 2, 9, '8K1InOOLEsQ', '', '', ''),
(257, 'Hvis du vil se en &pi;', 2002, 'Vent på mig', 'Peter Frødin', 2, 10, '', '', '', ''),
(259, 'O Eksamen', 2001, 'O Fortuna', 'Carl Orff', 2, 1, 'nqw3KWb9bH4', '', '', ''),
(260, 'Endnu en nat', 2001, 'Whippin'' Post', 'The Allman Brothers', 1, 0, 'Kv3RWqFlvJs', '', '', ''),
(261, '&Gamma;-mia', 2001, 'Mamma Mia', 'ABBA', 2, 3, 'WY57jGNCN8Q', '', '', ''),
(262, 'Fysik er', 2001, 'Perhaps Love', 'John Denver', 2, 4, 'jufQm1P7lDs', '', '', ''),
(263, 'HCØs kantine', 2001, 'California Dreaming', 'The Mamas and the Papas', 2, 5, '-wI6uAOHzvo', '', '', ''),
(264, 'Hvem sidder foran skærmen', 2001, 'Hvem sidder der bag skærmen', 'Jeppe Aakjær', 2, 6, '', '', '', ''),
(265, 'John Renner', 2001, 'Ghostbusters Movie Theme', 'by Ray Parker jr.', 2, 7, 'HCb3lFxmmJI', '', '', ''),
(266, 'Klassicitisk Klagesang', 2001, '', '', 2, 8, '', '', '', ''),
(267, 'Koder ML', 2001, 'Les bateliers de la Volga', 'Mily Balakirev', 2, 9, 'QG-KiYnIn2U&feature=related', '', '', ''),
(268, 'Sanktifycering', 2001, 'Folkehøjskolens Sangbog (5. udg, 6. opl.) Nr.\r\nFolkehøjskolens San', '', 2, 10, '', '', '', ''),
(269, 'Min Onde Tvilling', 2001, 'Evil Twin', 'D-A-D', 2, 11, 'oeiDQiNqAw8', '', '', ''),
(270, 'En fysisk forklaring', 2001, 'Hakuna Matata', 'Disney', 2, 12, 'ejEVczA8PLU', '', '', ''),
(271, 'Per Pans sang', 2001, 'Anden Stjerne til høje', 'Disney', 2, 13, 'IF3qSPHtxWc', '', '', ''),
(272, 'Jeg vil studere det meste', 2000, 'Jeg vil i seng med de fleste', 'Det brune punktum', 2, 1, 'gltYe7FCtiA', '', '', ''),
(273, 'Åh Kirsten', 2000, 'Se Venedig og dø', 'Gasolin''', 2, 2, '', '', '', ''),
(274, 'Albert og Fysikken', 2000, 'Jeg plukker fløjlsgræs', 'Knud Vad Thomsen', 2, 3, '', '', '', ''),
(275, 'Løs den ligning en gang til', 2000, 'Hit me baby one more time', 'Britney Spears', 2, 4, 'ah8ik3fw1WY', '', '', ''),
(276, 'På vores skole', 2000, 'En vår er kommet', 'Sigfred Pedersen', 2, 3, '', '', '', ''),
(277, 'De frie øvelser', 2000, 'Den er fin med kompasset', 'Niels Clemmensen', 2, 4, '', '', '', ''),
(278, 'Jens McMartin', 2000, 'The Bonnie Banks o'' Loch Lomond', '', 2, 0, '1uZ-p-tN8Gs', '', '', ''),
(279, 'Jens Lightning', 2000, 'Greased Lightning', 'Jim Jacobs og Warren Casey', 2, 0, '_Y9zTScjahQ&feature', '', '', ''),
(280, 'Den dybere mening', 2000, 'Love is the seventh wave', 'Sting', 2, 0, 'fvkxle5M2E4', '', '', ''),
(281, 'Fysiksangen', 2000, '', '', 2, 0, '', '', '', ''),
(282, 'Startsang', 1999, 'The Muppets Theme Song', '', 2, 1, 'OiHVM1hZmVI', '', '', ''),
(283, 'Entropien kan man ikke få bragt n', 1999, 'Blæsten kan man ikke få at se', 'Poul Kjæller', 2, 2, '', '', '', ''),
(284, 'Mikrosangen', 1999, 'I will survive', 'Freddie Perren og Dino Fekaris', 2, 3, 'Xv6lHwWwO3w', '', '', ''),
(285, 'Store blege lår', 1999, 'Du er fuld af løgn', 'John Hatting', 2, 4, 'fM55CT_TdVY', '', '', ''),
(286, 'Astronomerne', 1999, 'Look at all my trials', '', 2, 5, '', '', '', ''),
(287, 'Du er fra Mars', 1999, 'Herodes sang', 'Tim Rice og Andrew Lloyd Webber', 2, 6, 'cb_9uH-ELJE', '', '', ''),
(288, 'Byte by byte', 1999, 'Side by side', 'Harry M. Woods', 2, 7, 'vrryT-GNXIU', '', '', ''),
(289, 'Maxwellian Wrapsody', 1999, 'Bohemian Rhapsody', 'Queen', 2, 8, 'irp8CNj9qBI', '', '', ''),
(290, 'Kvantefysik', 1999, 'Sit on My Face', 'Monty Python', 2, 9, 'Xck9FaO_zA4', '', '', ''),
(308, 'Kemiker sang', 1996, 'Kemiker sang', 'Revysterne', 2, 5, '', '', '', ''),
(291, 'Stopprøven truer', 1998, 'My time of day', 'Frank Loesser', 2, 1, 'CNOWacoITcA', '', '', ''),
(292, 'Ode til fysik', 1998, 'Den, der spiser flæskesteg', 'Thomas Egner', 2, 2, '', '', '', ''),
(293, 'Astronomer', 1998, 'Guys and Dolls', 'Frank Loesser', 2, 3, 'LBwmfGLuCFg', '', '', ''),
(294, 'Har du nogen punkter', 1998, 'Har du nogen venner', 'Red Warszawa', 2, 4, '', '', '', ''),
(295, 'Pigernes Per', 1998, 'Barbie-Girl', 'Aqua', 2, 5, 'pxn567bHny8', '', '', ''),
(296, 'Ph.d.''ens vise', 1998, 'Admiralens vise', 'Pinafore', 2, 6, 'y-EuKl8A1JA', '', '', ''),
(297, 'Vil du leve af fysik?', 1998, 'If you wanna die in bed', 'Claude-Michel Schönberg', 2, 7, '', '', '', ''),
(298, 'Hedegård', 1997, 'Alice', 'Smokey', 2, 1, 'wcVLeUFW-AM', '', '', ''),
(299, 'Fysikersteg', 1997, 'Trouble', 'Elvis Presley', 2, 2, 'GFhNaWLlc8E', '', '', ''),
(300, 'Liv på Mars', 1997, 'Krig og Fred', 'Shubidua', 2, 3, '', '', '', ''),
(301, 'Er Holger', 1997, 'Is the moon feeling blue', 'Darleens', 2, 4, '', '', '', ''),
(302, 'Blegdamsvej', 1997, 'Mandalay', 'Four jacks', 2, 5, 'pVGHME5sjVQ', '', '', ''),
(303, 'En fysikers drøm', 1997, 'The American Dream', 'Claude-Michel Schönberg', 2, 6, 'wnEeB1B0Z-I', '', '', ''),
(304, 'Fysik Hustlers', 1996, 'Verdens længste rap', 'Østkyst Hustlers', 2, 1, '0yezqNValcE', '', '', ''),
(305, 'HCØ', 1997, 'YMCA', 'Village People', 2, 2, 'viCfDHye8iM', '', '', ''),
(306, 'Bent Elbek', 1996, 'Maria', 'Leonard Bernstein', 2, 3, 'VpdB6CN7jww', '', '', ''),
(307, 'Den lille forskel', 1996, 'Kaj og Andreas sang om forskellighed', 'Poul Kjøller', 2, 4, '', '', '', ''),
(309, 'Klagesange over fysik-"eksperter"', 1996, 'Brokkesangen', 'TV-2', 2, 6, '', '', '', ''),
(310, 'Statistisk fysik', 1995, 'Den allersidste dans', 'Kaj Norman Andersen', 2, 1, 'vW0mwCtRF4M', '', '', ''),
(311, 'Schaum', 1995, 'Der er et hul midt i spanden', '', 2, 2, 'y3ZSmgX0shI', '', '', ''),
(312, 'Sådan er matematikken', 1995, 'Sådan er kapitalismen', 'Olav Hergel', 2, 3, '', '', '', ''),
(313, 'Maxwell baby', 1995, 'Karbad baby', 'Shubidua', 2, 4, '', '', '', ''),
(314, 'Jeg er så glad for fysikken', 1995, 'Jeg er så glad for min cykel', 'Poul Kjøller', 2, 5, '', '', '', ''),
(315, 'En kvindeli rus'' bekendelser', 1995, 'Forårsdag', 'Anne Linnet', 2, 6, 'BFi0e-4_WKo', '', '', ''),
(316, 'TAP sang', 1995, 'Midt om natten', 'Kim Larsen', 2, 7, 'LFkpEgNjmDU', '', '', ''),
(317, 'HCØ-nyt sang', 1993, '', '', 2, 1, '', '', '', ''),
(318, 'Kvante sang', 1993, '', '', 2, 2, '', '', '', ''),
(319, 'Thousands of Problems', 1993, 'Thousands of vendings', 'De nattergale', 2, 3, '6ZCO_A65Wo4', '', '', ''),
(320, 'Fest i kælderen', 1993, 'Masser af succes / Rabalderstræde', 'Kim Larsen', 2, 4, 'BF9QETcSMaQ', '', '', ''),
(321, 'Svingdørsballet', 1993, 'Den allersidste dans', 'Kaj Norman Andersen', 2, 5, 'vW0mwCtRF4M', '', '', ''),
(322, 'Sans og samling', 1993, 'Wonderful Tonight', 'Eric Clapton', 2, 6, 'DOM9QiCZw70', '', '', ''),
(323, 'Fy fy skamme', 1993, 'Fy fy skamme', 'Søren Kragh Jacobsen', 2, 7, '_RJY117FKTo', '', '', ''),
(324, 'Finale', 1993, 'Mein Herr', 'John Kander', 2, 8, 'CX-24Zm0bjk', '', '', ''),
(327, 'Foreningen', 2007, 'I\\''ll be there for you', 'The Rembrandts', 5, 10, 'jQJsPGD1t0g', '<em></em><span></span>', '', '4 revybosser står sammen på scenen'),
(328, 'HighScore', 2008, 'If I Only Knew', 'Tom Jones', 1, 1, '6iMp3M9a-2g', '', '', ''),
(329, 'Koder du', 2008, 'Glemmer du', 'Kai Normann Andersen', 1, 2, 'V8D8Xi5mIN8', '', '', ''),
(330, 'Facebookrebellerne', 2008, 'Dressed for success', 'Roxette', 1, 3, 'kkxj5xVLyj0', '', '', ''),
(331, 'Revyen (velkomstsang)', 2009, 'Go'' morgen', 'P3 og venner', 1, 1, 'WuX8EPZ6RIc', '', '', ''),
(332, 'Gi mig gi mig gi mig', 2009, 'Gimme Gimme Gimme', 'Abba', 1, 2, 'ibtOshtX7T0', '', '', ''),
(333, 'Kære Du', 2009, 'Xanadu', 'Olivia Newton John', 1, 3, '7m1UWSD-FaA', '', '', ''),
(334, 'Nedskæringlimbo', 2009, 'Limbo Rock', 'Chubby Checker', 1, 4, 'XgCHOrF5ryY', '', '', ''),
(335, 'function fib(n)', 2009, 'Time To Say Goodbye', 'Sarah Brightman og Andrea Bocelli', 1, 5, 'QbN0g8-zbdY', '', '', ''),
(336, 'Seeder til mig', 2009, 'Sweet About Me', 'Gabriella Cilmi', 1, 6, 'ElY5Gr845Fw', '', '', ''),
(337, 'Pirater er sgu'' sjovt at vær''', 2009, 'A Pirate I Was Meant To Be', 'Curse of Monkey Island', 1, 7, 'AawQvD8L_h4', '', '', ''),
(338, 'Gå som en datalog', 2009, 'Walk like an Egyptian', 'Kunstner', 1, 8, 'BWP-AsG5DRk', '', '', ''),
(339, 'Doktrinen', 2009, 'Alle sømænd er glade for piger', 'Otto Brandenburg', 1, 9, 'A4D_rzVDZwo', '', '', ''),
(340, '''89', 2009, 'Take Me Home Country Roads', 'John Denver', 1, 10, 'oN86d0CdgHQ', '', '', ''),
(341, 'Drikker aldrig igen', 2009, 'Home for a Rest', 'Spirit of the West', 1, 11, 'sPJD3qcIL7s', '', '', ''),
(342, 'De koder ML', 2009, 'Macarena', 'Los Del Rio', 1, 12, '4NZjHKfbbiQ', '', '', ''),
(343, 'SS DIKU', 2008, 'Skibet skal sejle i nat', 'Erik Fiehn', 1, 4, 'VuAhDBpyNe8', '', '', ''),
(344, 'Koder M, koder L', 2008, 'Danser Rock, Danser rul', 'Stig Rossen', 1, 5, '9Plsd0chHNo', '', '', ''),
(345, 'Postdemokrati', 2008, 'The second you sleep', 'Saybia', 1, 6, 'fcIyBok23aA', '', '', ''),
(346, 'Vågner i kantinen', 2008, 'I don''t feel like dancing', 'Scissor sisters', 1, 7, 'cxwIWt9_Uqc', '', '', ''),
(347, 'Beruset til eksamen', 2008, '10.000 nights of thunder', 'Alphabeat', 1, 8, 'XVx3qBiXkaM', '', '', ''),
(348, 'Kaptajn Hack', 2008, 'Dschingis Khan', 'Dschingis Khan', 1, 9, 'W_esCf2GSTI', '', '', '');

/*!40101 SET CHARACTER_SET_CLIENT=@OLD_CHARACTER_SET_CLIENT */;
/*!40101 SET CHARACTER_SET_RESULTS=@OLD_CHARACTER_SET_RESULTS */;
/*!40101 SET COLLATION_CONNECTION=@OLD_COLLATION_CONNECTION */;
